<?xml version="1.0" encoding="UTF-8"?>
<document type="com.apple.InterfaceBuilder3.CocoaTouch.Storyboard.XIB" version="3.0" toolsVersion="13529" targetRuntime="iOS.CocoaTouch" propertyAccessControl="none" useAutolayout="YES" useTraitCollections="YES" useSafeAreas="YES" colorMatched="YES" initialViewController="BYZ-38-t0r">
    <device id="retina4_7" orientation="portrait">
        <adaptation id="fullscreen"/>
    </device>
    <dependencies>
        <deployment identifier="iOS"/>
        <plugIn identifier="com.apple.InterfaceBuilder.IBCocoaTouchPlugin" version="13527"/>
        <capability name="Constraints to layout margins" minToolsVersion="6.0"/>
        <capability name="Safe area layout guides" minToolsVersion="9.0"/>
        <capability name="documents saved in the Xcode 8 format" minToolsVersion="8.0"/>
    </dependencies>
    <scenes>
        <!--Login-->
        <scene sceneID="AvB-o9-dyy">
            <objects>
                <viewController title="Login" id="JPZ-AL-XBQ" customClass="LoginViewController" customModule="NewsReader1" customModuleProvider="target" sceneMemberID="viewController">
                    <view key="view" contentMode="scaleToFill" id="NWy-ka-kDQ">
                        <rect key="frame" x="0.0" y="0.0" width="375" height="667"/>
                        <autoresizingMask key="autoresizingMask" widthSizable="YES" heightSizable="YES"/>
                        <subviews>
                            <label opaque="NO" userInteractionEnabled="NO" contentMode="left" horizontalHuggingPriority="251" verticalHuggingPriority="251" fixedFrame="YES" text="E-mail:" textAlignment="natural" lineBreakMode="tailTruncation" baselineAdjustment="alignBaselines" adjustsFontSizeToFit="NO" translatesAutoresizingMaskIntoConstraints="NO" id="UHi-ca-y2Z">
                                <rect key="frame" x="16" y="133" width="54" height="21"/>
                                <autoresizingMask key="autoresizingMask" flexibleMaxX="YES" flexibleMaxY="YES"/>
                                <fontDescription key="fontDescription" type="system" pointSize="17"/>
                                <nil key="textColor"/>
                                <nil key="highlightedColor"/>
                            </label>
                            <label opaque="NO" userInteractionEnabled="NO" contentMode="left" horizontalHuggingPriority="251" verticalHuggingPriority="251" fixedFrame="YES" text="Password:" textAlignment="natural" lineBreakMode="tailTruncation" baselineAdjustment="alignBaselines" adjustsFontSizeToFit="NO" translatesAutoresizingMaskIntoConstraints="NO" id="n9m-As-icH">
                                <rect key="frame" x="16" y="251" width="79" height="21"/>
                                <autoresizingMask key="autoresizingMask" flexibleMaxX="YES" flexibleMaxY="YES"/>
                                <fontDescription key="fontDescription" type="system" pointSize="17"/>
                                <nil key="textColor"/>
                                <nil key="highlightedColor"/>
                            </label>
                            <textField opaque="NO" contentMode="scaleToFill" fixedFrame="YES" contentHorizontalAlignment="left" contentVerticalAlignment="center" borderStyle="roundedRect" placeholder="Enter E-mail" textAlignment="natural" minimumFontSize="17" clearButtonMode="whileEditing" translatesAutoresizingMaskIntoConstraints="NO" id="4CT-WE-L1E">
                                <rect key="frame" x="16" y="171" width="343" height="30"/>
                                <autoresizingMask key="autoresizingMask" flexibleMaxX="YES" flexibleMaxY="YES"/>
                                <nil key="textColor"/>
                                <fontDescription key="fontDescription" type="system" pointSize="14"/>
                                <textInputTraits key="textInputTraits"/>
                            </textField>
                            <textField opaque="NO" contentMode="scaleToFill" fixedFrame="YES" contentHorizontalAlignment="left" contentVerticalAlignment="center" borderStyle="roundedRect" placeholder="Enter Password" textAlignment="natural" minimumFontSize="17" clearButtonMode="whileEditing" translatesAutoresizingMaskIntoConstraints="NO" id="grA-nx-lCf">
                                <rect key="frame" x="16" y="292" width="343" height="30"/>
                                <autoresizingMask key="autoresizingMask" flexibleMaxX="YES" flexibleMaxY="YES"/>
                                <nil key="textColor"/>
                                <fontDescription key="fontDescription" type="system" pointSize="14"/>
                                <textInputTraits key="textInputTraits" secureTextEntry="YES"/>
                            </textField>
                            <button opaque="NO" contentMode="scaleToFill" fixedFrame="YES" contentHorizontalAlignment="center" contentVerticalAlignment="center" buttonType="roundedRect" lineBreakMode="middleTruncation" translatesAutoresizingMaskIntoConstraints="NO" id="5aP-Au-Avu">
                                <rect key="frame" x="168" y="368" width="38" height="30"/>
                                <autoresizingMask key="autoresizingMask" flexibleMaxX="YES" flexibleMaxY="YES"/>
                                <state key="normal" title="Login"/>
                                <connections>
                                    <action selector="loginButtonTapped:" destination="JPZ-AL-XBQ" eventType="touchUpInside" id="sRh-VJ-OgG"/>
                                </connections>
                            </button>
                            <button opaque="NO" contentMode="scaleToFill" fixedFrame="YES" contentHorizontalAlignment="center" contentVerticalAlignment="center" buttonType="roundedRect" lineBreakMode="middleTruncation" translatesAutoresizingMaskIntoConstraints="NO" id="xD1-Ps-xz9">
                                <rect key="frame" x="104" y="450" width="166" height="30"/>
                                <autoresizingMask key="autoresizingMask" flexibleMaxX="YES" flexibleMaxY="YES"/>
                                <state key="normal" title="Don't Have An Account?"/>
                                <connections>
                                    <segue destination="DCH-Pe-gOk" kind="presentation" identifier="registerView" id="pOu-tj-kzF"/>
                                </connections>
                            </button>
                            <label opaque="NO" userInteractionEnabled="NO" contentMode="left" horizontalHuggingPriority="251" verticalHuggingPriority="251" fixedFrame="YES" text="OR" textAlignment="natural" lineBreakMode="tailTruncation" baselineAdjustment="alignBaselines" adjustsFontSizeToFit="NO" translatesAutoresizingMaskIntoConstraints="NO" id="QtP-BX-k99">
                                <rect key="frame" x="175" y="415" width="24" height="21"/>
                                <autoresizingMask key="autoresizingMask" flexibleMaxX="YES" flexibleMaxY="YES"/>
                                <fontDescription key="fontDescription" type="system" pointSize="17"/>
                                <nil key="textColor"/>
                                <nil key="highlightedColor"/>
                            </label>
                            <label opaque="NO" userInteractionEnabled="NO" contentMode="left" horizontalHuggingPriority="251" verticalHuggingPriority="251" fixedFrame="YES" text="Login" textAlignment="center" lineBreakMode="tailTruncation" baselineAdjustment="alignBaselines" adjustsFontSizeToFit="NO" translatesAutoresizingMaskIntoConstraints="NO" id="1Pv-jX-bhn">
                                <rect key="frame" x="135" y="39" width="104" height="21"/>
                                <autoresizingMask key="autoresizingMask" flexibleMaxX="YES" flexibleMaxY="YES"/>
                                <fontDescription key="fontDescription" type="boldSystem" pointSize="19"/>
                                <nil key="textColor"/>
                                <nil key="highlightedColor"/>
                            </label>
                        </subviews>
                        <color key="backgroundColor" white="1" alpha="1" colorSpace="calibratedWhite"/>
                        <viewLayoutGuide key="safeArea" id="yZJ-aq-OIQ"/>
                    </view>
                    <connections>
                        <outlet property="userEmailTextField" destination="4CT-WE-L1E" id="t5k-Km-FkY"/>
                        <outlet property="userPasswordTextField" destination="grA-nx-lCf" id="ZqJ-5Y-RiT"/>
                    </connections>
                </viewController>
                <placeholder placeholderIdentifier="IBFirstResponder" id="44F-1D-95v" userLabel="First Responder" sceneMemberID="firstResponder"/>
            </objects>
            <point key="canvasLocation" x="-1136.8" y="133.5832083958021"/>
        </scene>
        <!--Register-->
        <scene sceneID="uwp-LB-K2A">
            <objects>
                <viewController title="Register" id="DCH-Pe-gOk" customClass="RegisterPageViewController" customModule="NewsReader1" customModuleProvider="target" sceneMemberID="viewController">
                    <view key="view" contentMode="scaleToFill" id="aJp-Ou-sOy">
                        <rect key="frame" x="0.0" y="0.0" width="375" height="667"/>
                        <autoresizingMask key="autoresizingMask" widthSizable="YES" heightSizable="YES"/>
                        <subviews>
                            <label opaque="NO" userInteractionEnabled="NO" contentMode="left" horizontalHuggingPriority="251" verticalHuggingPriority="251" fixedFrame="YES" text="Register" textAlignment="center" lineBreakMode="tailTruncation" baselineAdjustment="alignBaselines" adjustsFontSizeToFit="NO" translatesAutoresizingMaskIntoConstraints="NO" id="9B3-rQ-DCH">
                                <rect key="frame" x="119" y="37" width="137" height="21"/>
                                <autoresizingMask key="autoresizingMask" flexibleMaxX="YES" flexibleMaxY="YES"/>
                                <fontDescription key="fontDescription" type="boldSystem" pointSize="20"/>
                                <nil key="textColor"/>
                                <nil key="highlightedColor"/>
                            </label>
                            <label opaque="NO" userInteractionEnabled="NO" contentMode="left" horizontalHuggingPriority="251" verticalHuggingPriority="251" fixedFrame="YES" text="E-mail:" textAlignment="natural" lineBreakMode="tailTruncation" baselineAdjustment="alignBaselines" adjustsFontSizeToFit="NO" translatesAutoresizingMaskIntoConstraints="NO" id="6re-Gc-BB8">
                                <rect key="frame" x="16" y="111" width="54" height="21"/>
                                <autoresizingMask key="autoresizingMask" flexibleMaxX="YES" flexibleMaxY="YES"/>
                                <fontDescription key="fontDescription" type="system" pointSize="17"/>
                                <nil key="textColor"/>
                                <nil key="highlightedColor"/>
                            </label>
                            <label opaque="NO" userInteractionEnabled="NO" contentMode="left" horizontalHuggingPriority="251" verticalHuggingPriority="251" fixedFrame="YES" text="Password:" textAlignment="natural" lineBreakMode="tailTruncation" baselineAdjustment="alignBaselines" adjustsFontSizeToFit="NO" translatesAutoresizingMaskIntoConstraints="NO" id="tCT-H1-4kG">
                                <rect key="frame" x="16" y="213" width="79" height="21"/>
                                <autoresizingMask key="autoresizingMask" flexibleMaxX="YES" flexibleMaxY="YES"/>
                                <fontDescription key="fontDescription" type="system" pointSize="17"/>
                                <nil key="textColor"/>
                                <nil key="highlightedColor"/>
                            </label>
                            <label opaque="NO" userInteractionEnabled="NO" contentMode="left" horizontalHuggingPriority="251" verticalHuggingPriority="251" fixedFrame="YES" text="Retype Pasword:" textAlignment="natural" lineBreakMode="tailTruncation" baselineAdjustment="alignBaselines" adjustsFontSizeToFit="NO" translatesAutoresizingMaskIntoConstraints="NO" id="Ctt-1R-gvD">
                                <rect key="frame" x="16" y="315" width="129" height="21"/>
                                <autoresizingMask key="autoresizingMask" flexibleMaxX="YES" flexibleMaxY="YES"/>
                                <fontDescription key="fontDescription" type="system" pointSize="17"/>
                                <nil key="textColor"/>
                                <nil key="highlightedColor"/>
                            </label>
                            <textField opaque="NO" contentMode="scaleToFill" fixedFrame="YES" contentHorizontalAlignment="left" contentVerticalAlignment="center" borderStyle="roundedRect" placeholder="Enter E-mail" textAlignment="natural" minimumFontSize="17" clearButtonMode="whileEditing" translatesAutoresizingMaskIntoConstraints="NO" id="pBk-RZ-vyh">
                                <rect key="frame" x="16" y="148" width="343" height="30"/>
                                <autoresizingMask key="autoresizingMask" flexibleMaxX="YES" flexibleMaxY="YES"/>
                                <nil key="textColor"/>
                                <fontDescription key="fontDescription" type="system" pointSize="14"/>
                                <textInputTraits key="textInputTraits"/>
                            </textField>
                            <textField opaque="NO" contentMode="scaleToFill" fixedFrame="YES" contentHorizontalAlignment="left" contentVerticalAlignment="center" borderStyle="roundedRect" placeholder="Enter password" textAlignment="natural" minimumFontSize="17" clearButtonMode="whileEditing" translatesAutoresizingMaskIntoConstraints="NO" id="ZfR-dF-IGj">
                                <rect key="frame" x="16" y="250" width="343" height="30"/>
                                <autoresizingMask key="autoresizingMask" flexibleMaxX="YES" flexibleMaxY="YES"/>
                                <nil key="textColor"/>
                                <fontDescription key="fontDescription" type="system" pointSize="14"/>
                                <textInputTraits key="textInputTraits" secureTextEntry="YES"/>
                            </textField>
                            <textField opaque="NO" contentMode="scaleToFill" fixedFrame="YES" contentHorizontalAlignment="left" contentVerticalAlignment="center" borderStyle="roundedRect" placeholder="Retype The Password" textAlignment="natural" minimumFontSize="17" clearButtonMode="whileEditing" translatesAutoresizingMaskIntoConstraints="NO" id="Dj2-LE-8vj">
                                <rect key="frame" x="16" y="364" width="343" height="30"/>
                                <autoresizingMask key="autoresizingMask" flexibleMaxX="YES" flexibleMaxY="YES"/>
                                <nil key="textColor"/>
                                <fontDescription key="fontDescription" type="system" pointSize="14"/>
                                <textInputTraits key="textInputTraits" secureTextEntry="YES"/>
                            </textField>
                            <button opaque="NO" contentMode="scaleToFill" fixedFrame="YES" contentHorizontalAlignment="center" contentVerticalAlignment="center" buttonType="roundedRect" lineBreakMode="middleTruncation" translatesAutoresizingMaskIntoConstraints="NO" id="Ved-Kw-upQ">
                                <rect key="frame" x="159" y="442" width="57" height="30"/>
                                <autoresizingMask key="autoresizingMask" flexibleMaxX="YES" flexibleMaxY="YES"/>
                                <state key="normal" title="Register"/>
                                <connections>
                                    <action selector="registerButtonTapped:" destination="DCH-Pe-gOk" eventType="touchUpInside" id="XiC-ON-liu"/>
                                </connections>
                            </button>
                            <button opaque="NO" contentMode="scaleToFill" fixedFrame="YES" contentHorizontalAlignment="center" contentVerticalAlignment="center" buttonType="roundedRect" lineBreakMode="middleTruncation" translatesAutoresizingMaskIntoConstraints="NO" id="Q3r-wV-DGK">
                                <rect key="frame" x="97" y="515" width="180" height="30"/>
                                <autoresizingMask key="autoresizingMask" flexibleMaxX="YES" flexibleMaxY="YES"/>
                                <state key="normal" title="Already Have an Account?"/>
                                <connections>
                                    <segue destination="JPZ-AL-XBQ" kind="presentation" id="KNq-6q-W4G"/>
                                </connections>
                            </button>
                            <label opaque="NO" userInteractionEnabled="NO" contentMode="left" horizontalHuggingPriority="251" verticalHuggingPriority="251" fixedFrame="YES" text="OR" textAlignment="natural" lineBreakMode="tailTruncation" baselineAdjustment="alignBaselines" adjustsFontSizeToFit="NO" translatesAutoresizingMaskIntoConstraints="NO" id="vaw-L6-N7p">
                                <rect key="frame" x="175" y="486" width="24" height="21"/>
                                <autoresizingMask key="autoresizingMask" flexibleMaxX="YES" flexibleMaxY="YES"/>
                                <fontDescription key="fontDescription" type="system" pointSize="17"/>
                                <nil key="textColor"/>
                                <nil key="highlightedColor"/>
                            </label>
                        </subviews>
                        <color key="backgroundColor" white="1" alpha="1" colorSpace="calibratedWhite"/>
                        <viewLayoutGuide key="safeArea" id="3WH-T7-pB4"/>
                    </view>
                    <connections>
                        <outlet property="repeatPasswordTextField" destination="Dj2-LE-8vj" id="9ac-fk-3eF"/>
                        <outlet property="userEmailTextField" destination="pBk-RZ-vyh" id="mqg-0S-eyy"/>
                        <outlet property="userPasswordTextField" destination="ZfR-dF-IGj" id="Q5Z-xW-6c3"/>
                    </connections>
                </viewController>
                <placeholder placeholderIdentifier="IBFirstResponder" id="g6j-uN-lEa" userLabel="First Responder" sceneMemberID="firstResponder"/>
            </objects>
            <point key="canvasLocation" x="-351.19999999999999" y="133.5832083958021"/>
        </scene>
        <!--News Reader-->
        <scene sceneID="tne-QT-ifu">
            <objects>
                <viewController title="News Reader" id="BYZ-38-t0r" customClass="ViewController" customModule="NewsReader1" customModuleProvider="target" sceneMemberID="viewController">
                    <view key="view" contentMode="scaleToFill" id="8bC-Xf-vdC">
                        <rect key="frame" x="0.0" y="0.0" width="375" height="667"/>
                        <autoresizingMask key="autoresizingMask" widthSizable="YES" heightSizable="YES"/>
                        <subviews>
                            <view contentMode="scaleToFill" translatesAutoresizingMaskIntoConstraints="NO" id="NV4-b2-1ta">
                                <rect key="frame" x="0.0" y="0.0" width="375" height="20"/>
                                <color key="backgroundColor" red="0.25098040700000002" green="0.50196081400000003" blue="0.0" alpha="1" colorSpace="calibratedRGB"/>
                                <constraints>
                                    <constraint firstAttribute="height" constant="20" id="ZMb-BK-meh"/>
                                </constraints>
                            </view>
                            <navigationBar contentMode="scaleToFill" translucent="NO" translatesAutoresizingMaskIntoConstraints="NO" id="nCD-my-cJ6">
                                <rect key="frame" x="0.0" y="20" width="375" height="44"/>
                                <color key="barTintColor" red="0.25098040700000002" green="0.50196081400000003" blue="0.0" alpha="1" colorSpace="calibratedRGB"/>
                                <textAttributes key="titleTextAttributes">
                                    <color key="textColor" white="1" alpha="1" colorSpace="calibratedWhite"/>
                                </textAttributes>
                                <items>
                                    <navigationItem title="News Reader" id="TVm-jE-z7K">
                                        <barButtonItem key="leftBarButtonItem" title="Menu" id="g66-cY-HtG">
                                            <color key="tintColor" red="1" green="1" blue="1" alpha="1" colorSpace="calibratedRGB"/>
                                            <connections>
                                                <action selector="menuPressed:" destination="BYZ-38-t0r" id="KF0-gO-ebk"/>
                                            </connections>
                                        </barButtonItem>
                                        <barButtonItem key="rightBarButtonItem" style="plain" id="4dF-Gk-hEM">
                                            <button key="customView" opaque="NO" contentMode="scaleToFill" contentHorizontalAlignment="center" contentVerticalAlignment="center" buttonType="roundedRect" lineBreakMode="middleTruncation" id="xut-8a-5Dr">
                                                <rect key="frame" x="311" y="7" width="48" height="30"/>
                                                <autoresizingMask key="autoresizingMask" flexibleMaxX="YES" flexibleMaxY="YES"/>
                                                <state key="normal" title="Logout">
                                                    <color key="titleColor" red="1" green="1" blue="1" alpha="1" colorSpace="calibratedRGB"/>
                                                </state>
                                                <connections>
                                                    <action selector="logoutButtonTapped:" destination="BYZ-38-t0r" eventType="touchUpInside" id="3Ud-41-PcR"/>
                                                </connections>
                                            </button>
                                        </barButtonItem>
                                    </navigationItem>
                                </items>
                            </navigationBar>
                            <tableView clipsSubviews="YES" contentMode="scaleToFill" misplaced="YES" alwaysBounceVertical="YES" dataMode="prototypes" style="plain" separatorStyle="default" rowHeight="-1" estimatedRowHeight="-1" sectionHeaderHeight="28" sectionFooterHeight="28" translatesAutoresizingMaskIntoConstraints="NO" id="Zjj-cZ-yae">
                                <rect key="frame" x="0.0" y="69" width="375" height="598"/>
                                <color key="backgroundColor" white="1" alpha="1" colorSpace="calibratedWhite"/>
                                <prototypes>
                                    <tableViewCell clipsSubviews="YES" contentMode="scaleToFill" insetsLayoutMarginsFromSafeArea="NO" selectionStyle="blue" hidesAccessoryWhenEditing="NO" indentationLevel="1" indentationWidth="0.0" reuseIdentifier="articleCell" rowHeight="192" id="Ieu-Mb-l3S" customClass="ArticleCell" customModule="NewsReader1" customModuleProvider="target">
                                        <rect key="frame" x="0.0" y="28" width="375" height="192"/>
                                        <autoresizingMask key="autoresizingMask"/>
                                        <tableViewCellContentView key="contentView" opaque="NO" clipsSubviews="YES" multipleTouchEnabled="YES" contentMode="center" ambiguous="YES" insetsLayoutMarginsFromSafeArea="NO" tableViewCell="Ieu-Mb-l3S" id="tb6-lX-0ad">
                                            <rect key="frame" x="0.0" y="0.0" width="375" height="191.5"/>
                                            <autoresizingMask key="autoresizingMask"/>
                                            <subviews>
                                                <imageView userInteractionEnabled="NO" contentMode="scaleToFill" horizontalHuggingPriority="251" verticalHuggingPriority="251" ambiguous="YES" translatesAutoresizingMaskIntoConstraints="NO" id="4oi-nR-BFw">
                                                    <rect key="frame" x="15" y="30" width="130" height="130"/>
                                                    <constraints>
                                                        <constraint firstAttribute="width" constant="130" id="IQn-gE-OGJ"/>
                                                        <constraint firstAttribute="height" constant="130" id="vSS-9I-fL0"/>
                                                    </constraints>
                                                </imageView>
                                                <label opaque="NO" userInteractionEnabled="NO" contentMode="left" horizontalHuggingPriority="251" verticalHuggingPriority="251" ambiguous="YES" misplaced="YES" text="Description" textAlignment="natural" lineBreakMode="tailTruncation" numberOfLines="0" baselineAdjustment="alignBaselines" adjustsFontSizeToFit="NO" translatesAutoresizingMaskIntoConstraints="NO" id="Zrw-ul-zeB">
                                                    <rect key="frame" x="153" y="72" width="207" height="94"/>
                                                    <constraints>
                                                        <constraint firstAttribute="height" constant="43" id="Dli-WC-Lgg"/>
                                                    </constraints>
                                                    <fontDescription key="fontDescription" type="system" pointSize="15"/>
                                                    <nil key="textColor"/>
                                                    <nil key="highlightedColor"/>
                                                </label>
                                                <label opaque="NO" userInteractionEnabled="NO" contentMode="left" horizontalHuggingPriority="251" verticalHuggingPriority="251" ambiguous="YES" text="Author" textAlignment="natural" lineBreakMode="tailTruncation" baselineAdjustment="alignBaselines" adjustsFontSizeToFit="NO" translatesAutoresizingMaskIntoConstraints="NO" id="MFY-gd-BCR">
                                                    <rect key="frame" x="331" y="164" width="44" height="17"/>
                                                    <fontDescription key="fontDescription" type="system" pointSize="14"/>
                                                    <color key="textColor" white="0.66666666666666663" alpha="1" colorSpace="calibratedWhite"/>
                                                    <nil key="highlightedColor"/>
                                                </label>
                                                <label opaque="NO" userInteractionEnabled="NO" contentMode="left" horizontalHuggingPriority="251" verticalHuggingPriority="251" ambiguous="YES" misplaced="YES" text="This is heading" textAlignment="natural" lineBreakMode="tailTruncation" numberOfLines="0" baselineAdjustment="alignBaselines" adjustsFontSizeToFit="NO" translatesAutoresizingMaskIntoConstraints="NO" id="6cC-4T-rFc">
                                                    <rect key="frame" x="146" y="19" width="199" height="66"/>
                                                    <constraints>
                                                        <constraint firstAttribute="height" constant="66" id="SOu-Z6-geR"/>
                                                    </constraints>
                                                    <fontDescription key="fontDescription" type="boldSystem" pointSize="17"/>
                                                    <nil key="textColor"/>
                                                    <nil key="highlightedColor"/>
                                                </label>
                                            </subviews>
                                            <constraints>
                                                <constraint firstAttribute="trailingMargin" secondItem="6cC-4T-rFc" secondAttribute="trailing" constant="10" id="6Zm-YV-IyR"/>
                                                <constraint firstItem="MFY-gd-BCR" firstAttribute="top" relation="greaterThanOrEqual" secondItem="Zrw-ul-zeB" secondAttribute="bottom" constant="8" id="CfW-HJ-Z9c"/>
                                                <constraint firstItem="4oi-nR-BFw" firstAttribute="leading" secondItem="tb6-lX-0ad" secondAttribute="leadingMargin" id="Cj5-Xl-m1E"/>
                                                <constraint firstItem="6cC-4T-rFc" firstAttribute="top" secondItem="4oi-nR-BFw" secondAttribute="top" id="GKZ-dl-ngN"/>
                                                <constraint firstItem="Zrw-ul-zeB" firstAttribute="leading" secondItem="4oi-nR-BFw" secondAttribute="trailing" constant="8" id="MT7-AB-ikK"/>
                                                <constraint firstItem="4oi-nR-BFw" firstAttribute="centerY" secondItem="tb6-lX-0ad" secondAttribute="centerY" id="YhB-Gt-vxx"/>
                                                <constraint firstItem="6cC-4T-rFc" firstAttribute="top" secondItem="tb6-lX-0ad" secondAttribute="top" constant="36" id="bOQ-6e-cKJ"/>
                                                <constraint firstItem="Zrw-ul-zeB" firstAttribute="leading" secondItem="4oi-nR-BFw" secondAttribute="trailing" constant="8" id="baN-4W-foR"/>
                                                <constraint firstAttribute="trailing" secondItem="MFY-gd-BCR" secondAttribute="trailing" constant="2" id="fQm-8d-vLV"/>
                                                <constraint firstAttribute="trailing" secondItem="MFY-gd-BCR" secondAttribute="trailing" id="ium-TB-ANU"/>
                                                <constraint firstItem="6cC-4T-rFc" firstAttribute="leading" secondItem="4oi-nR-BFw" secondAttribute="trailing" constant="8" id="jQT-Zn-vjP"/>
                                                <constraint firstAttribute="trailingMargin" secondItem="6cC-4T-rFc" secondAttribute="trailing" constant="8" id="nBb-5U-GxQ"/>
                                                <constraint firstAttribute="trailingMargin" secondItem="Zrw-ul-zeB" secondAttribute="trailing" constant="8" id="nMD-m0-zJh"/>
                                                <constraint firstAttribute="bottom" secondItem="MFY-gd-BCR" secondAttribute="bottom" id="oGQ-BG-mYL"/>
                                                <constraint firstItem="Zrw-ul-zeB" firstAttribute="top" secondItem="6cC-4T-rFc" secondAttribute="bottom" constant="8" id="sKV-UY-PwX"/>
                                            </constraints>
                                        </tableViewCellContentView>
                                        <connections>
                                            <outlet property="author" destination="MFY-gd-BCR" id="Fhr-rb-xvY"/>
                                            <outlet property="desc" destination="Zrw-ul-zeB" id="f8q-cq-d7g"/>
                                            <outlet property="imgview" destination="4oi-nR-BFw" id="22P-G6-Qc8"/>
                                            <outlet property="title" destination="6cC-4T-rFc" id="MkM-wC-Xd9"/>
                                        </connections>
                                    </tableViewCell>
                                </prototypes>
                                <connections>
                                    <outlet property="dataSource" destination="BYZ-38-t0r" id="I9W-ZU-zXu"/>
                                    <outlet property="delegate" destination="BYZ-38-t0r" id="JwE-jL-Ibp"/>
                                </connections>
                            </tableView>
                        </subviews>
                        <color key="backgroundColor" red="1" green="1" blue="1" alpha="1" colorSpace="custom" customColorSpace="sRGB"/>
                        <constraints>
                            <constraint firstItem="Zjj-cZ-yae" firstAttribute="bottom" secondItem="6Tk-OE-BBY" secondAttribute="bottom" id="0hQ-wc-LfQ"/>
                            <constraint firstItem="Zjj-cZ-yae" firstAttribute="top" secondItem="nCD-my-cJ6" secondAttribute="bottom" id="4Yz-yL-HYf"/>
                            <constraint firstAttribute="trailing" secondItem="NV4-b2-1ta" secondAttribute="trailing" id="8wq-iw-iOS"/>
                            <constraint firstItem="6Tk-OE-BBY" firstAttribute="trailing" secondItem="Zjj-cZ-yae" secondAttribute="trailing" id="D6I-dS-8wo"/>
                            <constraint firstItem="nCD-my-cJ6" firstAttribute="leading" secondItem="6Tk-OE-BBY" secondAttribute="leading" id="Hp4-Bk-XJC"/>
                            <constraint firstItem="Zjj-cZ-yae" firstAttribute="leading" secondItem="8bC-Xf-vdC" secondAttribute="leading" id="PjT-w3-0wr"/>
                            <constraint firstItem="nCD-my-cJ6" firstAttribute="top" secondItem="NV4-b2-1ta" secondAttribute="bottom" id="QR4-aJ-pQy"/>
                            <constraint firstItem="NV4-b2-1ta" firstAttribute="top" secondItem="8bC-Xf-vdC" secondAttribute="top" id="ec5-yF-61G"/>
                            <constraint firstItem="nCD-my-cJ6" firstAttribute="trailing" secondItem="6Tk-OE-BBY" secondAttribute="trailing" id="r8H-gc-e47"/>
                            <constraint firstItem="Zjj-cZ-yae" firstAttribute="top" secondItem="nCD-my-cJ6" secondAttribute="bottom" id="ti1-sg-KRl"/>
                            <constraint firstItem="NV4-b2-1ta" firstAttribute="leading" secondItem="8bC-Xf-vdC" secondAttribute="leading" id="yqg-vw-0cv"/>
                        </constraints>
                        <viewLayoutGuide key="safeArea" id="6Tk-OE-BBY"/>
                    </view>
                    <connections>
                        <outlet property="tableview" destination="Zjj-cZ-yae" id="TR1-NM-rbm"/>
                        <segue destination="JPZ-AL-XBQ" kind="presentation" identifier="loginView" id="LNI-aC-CFO"/>
                    </connections>
                </viewController>
                <placeholder placeholderIdentifier="IBFirstResponder" id="dkx-z0-nzr" sceneMemberID="firstResponder"/>
            </objects>
            <point key="canvasLocation" x="476" y="133.5832083958021"/>
        </scene>
        <!--News Reader-->
        <scene sceneID="3cg-dh-zED">
            <objects>
                <viewController storyboardIdentifier="web" title="News Reader" id="Do0-fN-aMk" customClass="WebviewViewController" customModule="NewsReader1" customModuleProvider="target" sceneMemberID="viewController">
                    <view key="view" contentMode="scaleToFill" id="8Ba-7k-86J">
                        <rect key="frame" x="0.0" y="0.0" width="375" height="667"/>
                        <autoresizingMask key="autoresizingMask" widthSizable="YES" heightSizable="YES"/>
                        <subviews>
                            <view contentMode="scaleToFill" ambiguous="YES" translatesAutoresizingMaskIntoConstraints="NO" id="hht-Wh-O4A">
                                <rect key="frame" x="0.0" y="0.0" width="375" height="26"/>
                                <color key="backgroundColor" red="0.25098040700000002" green="0.50196081400000003" blue="0.0" alpha="1" colorSpace="calibratedRGB"/>
                            </view>
                            <webView contentMode="scaleToFill" fixedFrame="YES" translatesAutoresizingMaskIntoConstraints="NO" id="fhs-Gv-TBD">
                                <rect key="frame" x="0.0" y="70" width="375" height="597"/>
                                <autoresizingMask key="autoresizingMask" flexibleMaxX="YES" flexibleMaxY="YES"/>
                                <color key="backgroundColor" red="0.36078431370000003" green="0.38823529410000002" blue="0.4039215686" alpha="1" colorSpace="custom" customColorSpace="sRGB"/>
                            </webView>
                            <navigationBar contentMode="scaleToFill" ambiguous="YES" translatesAutoresizingMaskIntoConstraints="NO" id="cz7-65-65a">
                                <rect key="frame" x="0.0" y="26" width="375" height="44"/>
                                <color key="barTintColor" red="0.25098040700000002" green="0.50196081400000003" blue="0.0" alpha="1" colorSpace="calibratedRGB"/>
                                <textAttributes key="titleTextAttributes">
                                    <color key="textColor" red="1" green="1" blue="1" alpha="1" colorSpace="calibratedRGB"/>
                                </textAttributes>
                                <items>
                                    <navigationItem title="News Reader" id="aEk-Jy-RAd">
                                        <barButtonItem key="leftBarButtonItem" title="&lt; Back" id="PNC-cQ-Elx">
                                            <color key="tintColor" red="1" green="1" blue="1" alpha="1" colorSpace="calibratedRGB"/>
                                            <connections>
                                                <segue destination="BYZ-38-t0r" kind="show" id="7qN-Sb-x48"/>
                                            </connections>
                                        </barButtonItem>
                                    </navigationItem>
                                </items>
                            </navigationBar>
                        </subviews>
                        <color key="backgroundColor" white="1" alpha="1" colorSpace="calibratedWhite"/>
                        <constraints>
                            <constraint firstItem="hht-Wh-O4A" firstAttribute="top" secondItem="8Ba-7k-86J" secondAttribute="top" id="4rs-yF-CK1"/>
                            <constraint firstItem="cz7-65-65a" firstAttribute="leading" secondItem="HPp-mw-v9j" secondAttribute="leading" id="9df-0A-7q7"/>
                            <constraint firstItem="cz7-65-65a" firstAttribute="top" secondItem="hht-Wh-O4A" secondAttribute="bottom" id="LxB-Tp-2Ae"/>
                            <constraint firstItem="hht-Wh-O4A" firstAttribute="leading" secondItem="8Ba-7k-86J" secondAttribute="leading" id="NaI-5D-e2D"/>
                            <constraint firstItem="cz7-65-65a" firstAttribute="top" secondItem="hht-Wh-O4A" secondAttribute="bottom" id="UV9-gg-4BB"/>
                            <constraint firstItem="cz7-65-65a" firstAttribute="trailing" secondItem="HPp-mw-v9j" secondAttribute="trailing" id="ZTX-4a-NpM"/>
                            <constraint firstAttribute="trailing" secondItem="hht-Wh-O4A" secondAttribute="trailing" id="aM1-FM-vWI"/>
                        </constraints>
                        <viewLayoutGuide key="safeArea" id="HPp-mw-v9j"/>
                    </view>
                    <connections>
                        <outlet property="webview" destination="fhs-Gv-TBD" id="0nJ-9h-gml"/>
                    </connections>
                </viewController>
                <placeholder placeholderIdentifier="IBFirstResponder" id="yuP-6m-GZ0" userLabel="First Responder" sceneMemberID="firstResponder"/>
            </objects>
            <point key="canvasLocation" x="1178.4000000000001" y="133.5832083958021"/>
        </scene>
        <!--Navigation Controller-->
        <scene sceneID="GhK-sJ-sbr">
            <objects>
                <navigationController automaticallyAdjustsScrollViewInsets="NO" id="jJd-Kg-ehp" sceneMemberID="viewController">
                    <toolbarItems/>
                    <navigationBar key="navigationBar" contentMode="scaleToFill" insetsLayoutMarginsFromSafeArea="NO" id="UKM-n5-TLe">
                        <rect key="frame" x="0.0" y="20" width="375" height="44"/>
                        <autoresizingMask key="autoresizingMask"/>
                    </navigationBar>
                    <nil name="viewControllers"/>
                </navigationController>
                <placeholder placeholderIdentifier="IBFirstResponder" id="zBL-cf-J6E" userLabel="First Responder" sceneMemberID="firstResponder"/>
            </objects>
            <point key="canvasLocation" x="-2718" y="134"/>
        </scene>
    </scenes>
    <inferredMetricsTieBreakers>
        <segue reference="LNI-aC-CFO"/>
    </inferredMetricsTieBreakers>
</document>
